date,preset,gpuTime,packFloat2UInt8,particleCount,snapshotCount
2020-12-14T06:10:31.036Z,different-gammas,0.5389999999999999,false,60,11
2020-12-14T06:10:34.449Z,different-gammas-uint8,12.523,true,60,11
2020-12-14T06:16:46.544Z,csr,108.216,false,512,128
2020-12-14T06:16:50.860Z,dipole,491.04,false,121,512
2020-12-14T06:16:55.176Z,random,429.056,false,1024,32
2020-12-14T06:16:59.266Z,different-gammas,0.44,false,60,11
2020-12-14T06:17:03.229Z,free-electron,0.849,false,1,11
2020-12-14T06:17:07.451Z,free-electrons,323.134,false,900,128
2020-12-14T06:17:11.509Z,free-photon,12.273,false,1,11
2020-12-14T06:18:02.603Z,csr,140.091,false,512,128
2020-12-14T06:18:06.691Z,dipole,471.456,false,121,512
2020-12-14T06:18:10.835Z,random,358.234,false,1024,32
2020-12-14T06:18:14.857Z,different-gammas,0.529,false,60,11
2020-12-14T06:18:18.795Z,free-electron,0.532,false,1,11
2020-12-14T06:18:22.895Z,free-electrons,197.021,false,900,128
2020-12-14T06:18:26.751Z,free-photon,0.502,false,1,11
2020-12-14T06:18:30.808Z,free-photons,28.854,false,512,64
2020-12-14T06:18:34.793Z,story-electric,38.66,false,121,128
2020-12-14T06:18:40.013Z,story-quadrupole,29.877,false,121,128
2020-12-14T06:18:45.180Z,story-dipole,152.36,false,121,128
2020-12-14T06:18:50.349Z,gyrotest-1-electron,0.805,false,1,16
2020-12-14T06:18:54.420Z,gyrotest-128-electrons,51.857,false,64,256
2020-12-14T06:19:05.624Z,csr-uint8,9664.491,true,512,128
2020-12-14T06:19:19.679Z,dipole-uint8,10590.618,true,121,512
2020-12-14T06:19:34.624Z,random-uint8,11785.187,true,1024,32
2020-12-14T06:19:38.513Z,different-gammas-uint8,12.822,true,60,11
2020-12-14T06:19:42.430Z,free-electron-uint8,8.279,true,1,11
2020-12-14T06:19:50.732Z,free-electrons-uint8,6518.206,true,900,128
2020-12-14T06:19:54.648Z,free-photon-uint8,8.101,true,1,11
2020-12-14T06:19:58.728Z,free-photons-uint8,871.389,true,512,64
2020-12-14T06:20:02.745Z,story-electric-uint8,849.242,true,121,128
2020-12-14T06:20:09.467Z,story-quadrupole-uint8,2117.461,true,121,128
2020-12-14T06:20:15.772Z,story-dipole-uint8,1765.98,true,121,128
2020-12-14T06:20:20.765Z,gyrotest-1-electron-uint8,14.602,true,1,16
2020-12-14T06:20:24.822Z,gyrotest-128-electrons-uint8,2593.093,true,64,256
2020-12-14T08:57:12.307Z,csr,134.684,false,512,128
2020-12-14T08:57:12.307Z,dipole,541.567,false,121,512
2020-12-14T08:57:12.307Z,random,7.58,false,1024,32
2020-12-14T08:57:12.307Z,different-gammas,0.533,false,60,11
2020-12-14T08:57:12.307Z,free-electron,0.826,false,1,11
2020-12-14T09:00:24.523Z,csr,124.145,false,512,128
2020-12-14T09:00:24.523Z,dipole,570.829,false,121,512
2020-12-14T09:00:24.523Z,random,7.581,false,1024,32
2020-12-14T09:00:24.523Z,different-gammas,3.509,false,60,11
2020-12-14T09:00:24.523Z,free-electron,8.551,false,1,11
2020-12-14T09:00:24.523Z,free-electrons,210.739,false,900,128
2020-12-14T09:00:24.523Z,free-photon,0.5,false,1,11
2020-12-14T09:00:24.523Z,free-photons,52.48,false,512,64
2020-12-14T09:00:24.523Z,story-electric,38.751,false,121,128
2020-12-14T09:00:24.523Z,story-quadrupole,43.392,false,121,128
2020-12-14T09:00:24.523Z,story-dipole,30.081,false,121,128
2020-12-14T09:00:24.523Z,gyrotest-1-electron,0.813,false,1,16
2020-12-14T09:00:24.523Z,gyrotest-128-electrons,48.905,false,64,256
2020-12-14T09:00:24.523Z,csr-uint8,8148.646,true,512,128
2020-12-14T09:00:24.523Z,dipole-uint8,10827.778,true,121,512
2020-12-14T09:00:24.523Z,random-uint8,356.852,true,1024,32
2020-12-14T09:00:24.523Z,different-gammas-uint8,2774.247,true,60,11
2020-12-14T09:00:24.523Z,free-electron-uint8,8.061,true,1,11
2020-12-14T09:02:51.006Z,csr,134.351,false,512,128
2020-12-14T09:02:51.006Z,dipole,514.273,false,121,512
2020-12-14T09:02:51.006Z,random,132.442,false,1024,32
2020-12-14T09:02:51.006Z,different-gammas,0.566,false,60,11
2020-12-14T09:02:51.006Z,free-electron,0.592,false,1,11
2020-12-14T09:02:51.006Z,free-electrons,207.734,false,900,128
2020-12-14T09:02:51.006Z,free-photon,0.634,false,1,11
2020-12-14T09:02:51.006Z,free-photons,31.11,false,512,64
2020-12-14T09:02:51.006Z,story-electric,28.703,false,121,128
2020-12-14T09:02:51.006Z,story-quadrupole,30.038,false,121,128
2020-12-14T09:02:51.006Z,story-dipole,33.843,false,121,128
2020-12-14T09:02:51.006Z,gyrotest-1-electron,81.685,false,1,16
2020-12-14T09:02:51.006Z,gyrotest-128-electrons,48.47,false,64,256
2020-12-14T09:02:51.006Z,csr-uint8,8005.248,true,512,128
2020-12-14T09:02:51.006Z,dipole-uint8,10576.709,true,121,512
2020-12-14T09:02:51.006Z,random-uint8,1850.83,true,1024,32
2020-12-14T09:02:51.006Z,different-gammas-uint8,12.851,true,60,11
2020-12-14T09:02:51.006Z,free-electron-uint8,1527.08,true,1,11
2020-12-14T09:02:51.006Z,free-electrons-uint8,4995.78,true,900,128
2020-12-14T09:02:51.006Z,free-photon-uint8,8.152,true,1,11
2020-12-14T09:02:51.006Z,free-photons-uint8,867.291,true,512,64
2020-12-14T09:02:51.006Z,story-electric-uint8,836.102,true,121,128
2020-12-14T09:02:51.006Z,story-quadrupole-uint8,2120.522,true,121,128
2020-12-14T09:02:51.006Z,story-dipole-uint8,1765.11,true,121,128
2020-12-14T09:02:51.006Z,gyrotest-1-electron-uint8,14.341,true,1,16
2020-12-14T09:02:51.006Z,gyrotest-128-electrons-uint8,1095.584,true,64,256
2020-12-14T11:57:57.843Z,dipole,516.761,false,121,512
2020-12-14T11:57:57.843Z,random,7.644,false,1024,32
2020-12-14T11:57:57.843Z,different-gammas,0.529,false,60,11
2020-12-14T11:57:57.843Z,free-electron,0.566,false,1,11
2020-12-14T11:57:57.843Z,free-electrons,213.447,false,900,128
2020-12-14T11:57:57.843Z,free-photon,0.78,false,1,11
2020-12-14T11:57:57.843Z,free-photons,38.712,false,512,64
2020-12-14T11:57:57.843Z,story-electric,36.268,false,121,128
2020-12-15T08:05:51.361Z,spiral,616.271,false,121,512
2020-12-15T08:05:51.361Z,random,217.986,false,1024,64
2020-12-15T08:05:51.361Z,different-gammas,0.567,false,60,11
2020-12-15T08:05:51.361Z,free-electron,9.654,false,1,11
2020-12-15T08:05:51.361Z,free-electrons,222.06,false,900,128
2020-12-15T08:05:51.361Z,free-photon,0.461,false,1,11
2020-12-15T08:05:51.361Z,free-photons,31.682,false,512,64
2020-12-15T08:05:51.361Z,story-electric,44.218,false,121,128
2020-12-15T08:05:51.361Z,story-quadrupole,35.709,false,121,128
2020-12-15T08:05:51.361Z,story-dipole,27.899,false,121,128
2020-12-15T08:05:51.361Z,gyrotest-1-electron,18.808,false,1,256
2020-12-15T08:05:51.361Z,gyrotest-128-electrons,930.36,false,64,1024
2020-12-15T08:07:35.771Z,spiral,479.57,false,121,512
2020-12-15T08:07:35.771Z,random,125.596,false,1024,64
2020-12-15T08:07:35.771Z,different-gammas,0.549,false,60,11
2020-12-15T08:13:33.893Z,spiral,746.084,false,121,512
2020-12-15T08:13:33.893Z,random,25.528,false,1024,16
2020-12-15T08:13:33.893Z,different-gammas,0.993,false,60,11
2020-12-15T08:13:33.893Z,free-electron,2.185,false,1,11
2020-12-15T08:13:33.893Z,free-electrons,207.972,false,900,128
2020-12-15T08:13:33.893Z,free-photon,103.634,false,1,11
2020-12-15T08:13:33.893Z,free-photons,35.646,false,512,64
2020-12-15T08:13:33.893Z,story-electric,31.825,false,121,128
2020-12-15T08:13:33.893Z,story-quadrupole,34.775,false,121,128
2020-12-15T08:13:33.893Z,story-dipole,33.897,false,121,128
2020-12-15T08:13:33.893Z,gyrotest-1-electron,13.872,false,1,256
2020-12-15T08:13:33.893Z,gyrotest-128-electrons,910.928,false,64,1024
2020-12-15T08:13:33.893Z,spiral-uint8,10698.451,true,121,512
2020-12-15T08:13:33.893Z,random-uint8,577.764,true,1024,16
2020-12-15T08:13:33.893Z,different-gammas-uint8,13.126,true,60,11
2020-12-15T08:13:33.893Z,free-electron-uint8,8.516,true,1,11
2020-12-15T08:13:33.893Z,free-electrons-uint8,5057.527,true,900,128
2020-12-15T08:13:33.893Z,free-photon-uint8,8.266,true,1,11
2020-12-15T08:13:33.893Z,free-photons-uint8,881.816,true,512,64
2020-12-15T08:13:33.893Z,story-electric-uint8,854.203,true,121,128
2020-12-15T08:13:33.893Z,story-quadrupole-uint8,2138.333,true,121,128
2020-12-15T08:13:33.893Z,story-dipole-uint8,1771.486,true,121,128
2020-12-15T08:13:33.893Z,gyrotest-1-electron-uint8,226.107,true,1,256
2020-12-15T08:13:33.893Z,gyrotest-128-electrons-uint8,22251.161,true,64,1024
2020-12-28T13:14:07.054Z,story-electric,0,false,121,128
2020-12-28T13:14:07.054Z,story-quadrupole,0,false,121,128
2020-12-28T13:14:07.054Z,story-dipole,0,false,121,128
2020-12-28T13:16:39.428Z,story-electric,74.278,false,121,128
2020-12-28T13:16:39.428Z,story-quadrupole,36.826,false,121,128
2020-12-28T13:16:39.428Z,story-dipole,72.796,false,121,128
2020-12-28T13:27:00.305Z,story-electric,47.547,false,121,128
2020-12-28T13:27:00.305Z,story-quadrupole,32.781,false,121,128
2020-12-28T13:27:00.305Z,story-dipole,28.509,false,121,128
2020-12-28T20:34:39.149Z,story-electric,33.307,false,121,128
2020-12-28T20:34:39.149Z,story-quadrupole,29.355,false,121,128
2020-12-28T20:34:39.149Z,story-dipole,28.592,false,121,128
2020-12-29T04:27:36.239Z,csr,130.83,false,512,128
2020-12-29T04:27:36.239Z,spiral,478.002,false,121,512
2020-12-29T04:27:36.239Z,random,11.008,false,1024,16
2020-12-29T04:27:36.239Z,different-gammas,3.15,false,60,11
2020-12-29T04:27:36.239Z,free-electron,0.461,false,1,11
2020-12-29T04:27:36.239Z,free-electrons,209.78,false,900,128
2020-12-29T04:27:36.239Z,free-photon,0.49,false,1,11
2020-12-29T04:27:36.239Z,free-photons,45.442,false,512,64
2020-12-29T04:27:36.239Z,story-electric,32.934,false,121,128
2020-12-29T04:27:36.239Z,story-quadrupole,28.286,false,121,128
2020-12-29T04:27:36.239Z,story-dipole,32.738,false,121,128
2020-12-29T04:27:36.239Z,gyrotest-1-electron,15.182,false,1,256
2020-12-29T04:27:36.239Z,gyrotest-128-electrons,6222.516,false,512,1024
2020-12-29T04:29:50.093Z,csr,125.979,false,512,128
2020-12-29T04:29:50.093Z,spiral,466.963,false,121,512
2020-12-29T04:29:50.093Z,random,17.491,false,1024,16
2020-12-29T04:29:50.093Z,different-gammas,0.526,false,60,11
2020-12-29T04:29:50.093Z,free-electron,0.514,false,1,11
2020-12-29T04:29:50.093Z,free-electrons,211.035,false,900,128
2020-12-29T04:29:50.093Z,free-photon,0.799,false,1,11
2020-12-29T04:29:50.093Z,free-photons,40.699,false,512,64
2020-12-29T04:29:50.093Z,story-electric,32.471,false,121,128
2020-12-29T04:29:50.093Z,story-quadrupole,37.349,false,121,128
2020-12-29T04:29:50.093Z,story-dipole,34.513,false,121,128
2020-12-29T04:31:48.608Z,csr,149.594,false,512,128
2020-12-29T04:31:48.608Z,spiral,527.239,false,121,512
2020-12-29T04:31:48.608Z,random,18.178,false,1024,16
2020-12-29T04:31:48.608Z,different-gammas,0.53,false,60,11
2020-12-29T04:31:48.608Z,free-electron,0.519,false,1,11
2020-12-29T04:31:48.608Z,free-electrons,232.789,false,900,128
2020-12-29T04:31:48.608Z,free-photon,0.5,false,1,11
2020-12-29T04:31:48.608Z,free-photons,32.697,false,512,64
2020-12-29T04:31:48.608Z,story-electric,29.35,false,121,128
2020-12-29T04:31:48.608Z,story-quadrupole,32.884,false,121,128
2020-12-29T04:31:48.608Z,story-dipole,34.009,false,121,128
2020-12-29T04:31:48.608Z,gyrotest-1-electron,12.183,false,1,256
2020-12-29T04:31:48.608Z,gyrotest-128-electrons,6811.209,false,512,1024
2020-12-29T04:31:48.608Z,csr-uint8,7871.004,true,512,128
2020-12-29T04:31:48.608Z,spiral-uint8,10372.589,true,121,512
2020-12-29T04:31:48.608Z,random-uint8,579.698,true,1024,16
2020-12-29T04:31:48.608Z,different-gammas-uint8,12.713,true,60,11
2020-12-29T04:31:48.608Z,free-electron-uint8,11.685,true,1,11
2020-12-29T04:31:48.608Z,free-electrons-uint8,4887.731,true,900,128
2020-12-29T04:31:48.608Z,free-photon-uint8,8.313,true,1,11
2020-12-29T04:31:48.608Z,free-photons-uint8,855.552,true,512,64
2020-12-29T04:31:48.608Z,story-electric-uint8,847.469,true,121,128
2020-12-29T04:31:48.608Z,story-quadrupole-uint8,2087.649,true,121,128
2020-12-29T04:31:48.608Z,story-dipole-uint8,1739.438,true,121,128
2020-12-29T04:31:48.608Z,gyrotest-1-electron-uint8,230.539,true,1,256
2020-12-29T05:19:51.338Z,csr,117.96,false,512,128
2020-12-29T05:19:51.338Z,spiral,461.403,false,121,512
2020-12-29T05:19:51.338Z,random,17.552,false,1024,16
2020-12-29T05:19:51.338Z,different-gammas,0.605,false,60,11
2020-12-29T05:19:51.338Z,free-electron,0.551,false,1,11
2020-12-29T05:19:51.338Z,free-electrons,205.222,false,900,128
2020-12-29T05:19:51.338Z,free-photon,3.055,false,1,11
2020-12-29T05:19:51.338Z,free-photons,30.509,false,512,64
2020-12-29T05:19:51.338Z,story-electric,0,false,121,128
2020-12-29T05:19:51.338Z,story-quadrupole,22.425,false,121,128
2020-12-29T05:19:51.338Z,story-dipole,29.444,false,121,128
2020-12-29T05:19:51.338Z,gyrotest-1-electron,13.09,false,1,256
2020-12-29T05:21:10.970Z,csr,132.094,false,512,128
2020-12-29T05:21:10.970Z,spiral,529.991,false,121,512
2020-12-29T05:21:10.970Z,random,15.377,false,1024,16
2020-12-29T05:21:10.970Z,different-gammas,3.496,false,60,11
2020-12-29T05:21:10.970Z,free-electron,0.868,false,1,11
2020-12-29T05:21:10.970Z,free-electrons,194.462,false,900,128
2020-12-29T05:21:10.970Z,free-photon,0.464,false,1,11
2020-12-29T05:21:10.970Z,free-photons,28.285,false,512,64
2020-12-29T05:21:10.970Z,story-electric,31.254,false,121,128
2020-12-29T05:21:10.970Z,story-quadrupole,30.517,false,121,128
2020-12-29T05:21:10.970Z,story-dipole,29.783,false,121,128
2020-12-29T05:21:10.970Z,gyrotest-1-electron,13.009,false,1,256
2020-12-29T05:21:10.970Z,gyrotest-128-electrons,5912.482,false,512,1024
2020-12-29T05:21:10.970Z,csr-uint8,7831.298,true,512,128
2020-12-29T05:21:10.970Z,spiral-uint8,10270.458,true,121,512
2020-12-29T05:21:10.970Z,random-uint8,561.227,true,1024,16
2020-12-29T05:21:10.970Z,different-gammas-uint8,12.847,true,60,11
2020-12-29T05:21:10.970Z,free-electron-uint8,11.28,true,1,11
2020-12-29T05:21:10.970Z,free-electrons-uint8,4859.331,true,900,128
2020-12-29T05:21:10.970Z,free-photon-uint8,6.465,true,1,11
2020-12-29T05:21:10.970Z,free-photons-uint8,852.238,true,512,64
2020-12-29T05:21:10.970Z,story-electric-uint8,774.182,true,121,128
2020-12-29T05:21:10.970Z,story-quadrupole-uint8,2062.061,true,121,128
2020-12-29T05:21:10.970Z,story-dipole-uint8,1656.79,true,121,128
2020-12-29T05:21:10.970Z,gyrotest-1-electron-uint8,198.877,true,1,256
2020-12-29T05:41:57.535Z,random__1__1,18.299,false,1024,16
2020-12-29T05:43:37.188Z,random__1__1,5.45,false,1,1
2020-12-29T05:43:37.188Z,random__1__2,3.094,false,1,2
2020-12-29T05:43:37.188Z,random__1__4,3.051,false,1,4
2020-12-29T05:43:37.188Z,random__1__8,2.803,false,1,8
2020-12-29T05:43:37.188Z,random__1__16,2.773,false,1,16
2020-12-29T05:43:37.188Z,random__1__32,2.962,false,1,32
2020-12-29T05:43:37.188Z,random__1__64,3,false,1,64
2020-12-29T05:43:37.188Z,random__1__128,2.867,false,1,128
2020-12-29T05:43:37.188Z,random__1__256,3.502,false,1,256
2020-12-29T05:43:37.188Z,random__1__512,4.921,false,1,512
2020-12-29T05:43:37.188Z,random__1__1024,7.682,false,1,1024
2020-12-29T05:43:37.188Z,random__2__1,2.73,false,2,1
2020-12-29T05:43:37.188Z,random__2__2,3.079,false,2,2
2020-12-29T05:43:37.188Z,random__2__4,3.037,false,2,4
2020-12-29T05:43:37.188Z,random__2__8,3.14,false,2,8
2020-12-29T05:43:37.188Z,random__2__16,2.81,false,2,16
2020-12-29T05:43:37.188Z,random__2__32,2.814,false,2,32
2020-12-29T05:43:37.188Z,random__2__64,2.783,false,2,64
2020-12-29T05:43:37.188Z,random__2__128,2.999,false,2,128
2020-12-29T05:43:37.188Z,random__2__256,3.547,false,2,256
2020-12-29T05:43:37.188Z,random__2__512,4.956,false,2,512
2020-12-29T05:43:37.188Z,random__2__1024,12.289,false,2,1024
2020-12-29T05:43:37.188Z,random__4__1,4.964,false,4,1
2020-12-29T05:43:37.188Z,random__4__2,5.212,false,4,2
2020-12-29T05:43:37.188Z,random__4__4,2.506,false,4,4
2020-12-29T05:43:37.188Z,random__4__8,2.669,false,4,8
2020-12-29T05:43:37.188Z,random__4__16,3.055,false,4,16
2020-12-29T05:43:37.188Z,random__4__32,2.511,false,4,32
2020-12-29T05:43:37.188Z,random__4__64,2.769,false,4,64
2020-12-29T05:43:37.188Z,random__4__128,2.941,false,4,128
2020-12-29T05:43:37.188Z,random__4__256,3.778,false,4,256
2020-12-29T05:43:37.188Z,random__4__512,5.193,false,4,512
2020-12-29T05:43:37.188Z,random__4__1024,6.372,false,4,1024
2020-12-29T05:43:37.188Z,random__8__1,3.144,false,8,1
2020-12-29T05:43:37.188Z,random__8__2,2.949,false,8,2
2020-12-29T05:43:37.188Z,random__8__4,2.963,false,8,4
2020-12-29T05:43:37.188Z,random__8__8,2.67,false,8,8
2020-12-29T05:43:37.188Z,random__8__16,2.57,false,8,16
2020-12-29T05:43:37.188Z,random__8__32,3.104,false,8,32
2020-12-29T05:43:37.188Z,random__8__64,2.97,false,8,64
2020-12-29T05:43:37.188Z,random__8__128,3.656,false,8,128
2020-12-29T05:43:37.188Z,random__8__256,4.425,false,8,256
2020-12-29T05:43:37.188Z,random__8__512,8.57,false,8,512
2020-12-29T05:43:37.188Z,random__8__1024,11.635,false,8,1024
2020-12-29T05:43:37.188Z,random__16__1,3.335,false,16,1
2020-12-29T05:43:37.188Z,random__16__2,5.044,false,16,2
2020-12-29T05:43:37.188Z,random__16__4,2.94,false,16,4
2020-12-29T05:43:37.188Z,random__16__8,5.289,false,16,8
2020-12-29T05:43:37.188Z,random__16__16,2.69,false,16,16
2020-12-29T05:43:37.188Z,random__16__32,3.028,false,16,32
2020-12-29T05:43:37.188Z,random__16__64,3.517,false,16,64
2020-12-29T05:43:37.188Z,random__16__128,4.254,false,16,128
2020-12-29T05:43:37.188Z,random__16__256,5.696,false,16,256
2020-12-29T05:43:37.188Z,random__16__512,8.998,false,16,512
2020-12-29T05:43:37.188Z,random__16__1024,18.51,false,16,1024
2020-12-29T05:43:37.188Z,random__32__1,3.248,false,32,1
2020-12-29T05:43:37.188Z,random__32__2,3.142,false,32,2
2020-12-29T05:43:37.188Z,random__32__4,2.803,false,32,4
2020-12-29T05:43:37.188Z,random__32__8,2.669,false,32,8
2020-12-29T05:43:37.188Z,random__32__16,2.947,false,32,16
2020-12-29T05:43:37.188Z,random__32__32,3.533,false,32,32
2020-12-29T05:43:37.188Z,random__32__64,4.184,false,32,64
2020-12-29T05:43:37.188Z,random__32__128,5.69,false,32,128
2020-12-29T05:43:37.188Z,random__32__256,8.927,false,32,256
2020-12-29T05:43:37.188Z,random__32__512,15.34,false,32,512
2020-12-29T05:43:37.188Z,random__32__1024,32.006,false,32,1024
2020-12-29T05:43:37.188Z,random__64__1,2.973,false,64,1
2020-12-29T05:43:37.188Z,random__64__2,3.047,false,64,2
2020-12-29T05:43:37.188Z,random__64__4,5.279,false,64,4
2020-12-29T05:43:37.188Z,random__64__8,2.914,false,64,8
2020-12-29T05:43:37.188Z,random__64__16,3.462,false,64,16
2020-12-29T05:43:37.188Z,random__64__32,4.129,false,64,32
2020-12-29T05:43:37.188Z,random__64__64,5.738,false,64,64
2020-12-29T05:43:37.188Z,random__64__128,8.809,false,64,128
2020-12-29T05:43:37.188Z,random__64__256,15.482,false,64,256
2020-12-29T05:43:37.188Z,random__64__512,28.271,false,64,512
2020-12-29T05:43:37.188Z,random__64__1024,62.855,false,64,1024
2020-12-29T05:43:37.188Z,random__128__1,3.439,false,128,1
2020-12-29T05:43:37.188Z,random__128__2,2.803,false,128,2
2020-12-29T05:43:37.188Z,random__128__4,2.947,false,128,4
2020-12-29T05:43:37.188Z,random__128__8,3.59,false,128,8
2020-12-29T05:43:37.188Z,random__128__16,4.255,false,128,16
2020-12-29T05:43:37.188Z,random__128__32,8.31,false,128,32
2020-12-29T05:43:37.188Z,random__128__64,11.23,false,128,64
2020-12-29T05:43:37.188Z,random__128__128,15.562,false,128,128
2020-12-29T05:43:37.188Z,random__128__256,29.016,false,128,256
2020-12-29T05:43:37.188Z,random__128__512,61.821,false,128,512
2020-12-29T05:43:37.188Z,random__128__1024,127.402,false,128,1024
2020-12-29T05:43:37.188Z,random__256__1,3.831,false,256,1
2020-12-29T05:43:37.188Z,random__256__2,3.558,false,256,2
2020-12-29T05:43:37.188Z,random__256__4,3.411,false,256,4
2020-12-29T05:43:37.188Z,random__256__8,4.159,false,256,8
2020-12-29T05:43:37.188Z,random__256__16,5.668,false,256,16
2020-12-29T05:43:37.188Z,random__256__32,8.858,false,256,32
2020-12-29T05:43:37.188Z,random__256__64,15.512,false,256,64
2020-12-29T05:43:37.188Z,random__256__128,28.079,false,256,128
2020-12-29T05:43:37.188Z,random__256__256,63.127,false,256,256
2020-12-29T05:43:37.188Z,random__256__512,116.137,false,256,512
2020-12-29T05:43:37.188Z,random__256__1024,227.32,false,256,1024
2020-12-29T05:43:37.188Z,random__512__1,4.031,false,512,1
2020-12-29T05:43:37.188Z,random__512__2,3.617,false,512,2
2020-12-29T05:43:37.188Z,random__512__4,4.262,false,512,4
2020-12-29T05:43:37.188Z,random__512__8,5.903,false,512,8
2020-12-29T05:43:37.188Z,random__512__16,8.812,false,512,16
2020-12-29T05:43:37.188Z,random__512__32,15.314,false,512,32
2020-12-29T05:43:37.188Z,random__512__64,32.553,false,512,64
2020-12-29T05:43:37.188Z,random__512__128,61.801,false,512,128
2020-12-29T05:43:37.188Z,random__512__256,118.911,false,512,256
2020-12-29T05:43:37.188Z,random__512__512,223.227,false,512,512
2020-12-29T05:43:37.188Z,random__512__1024,429.303,false,512,1024
2020-12-29T05:43:37.188Z,random__1024__1,5.632,false,1024,1
2020-12-29T05:43:37.188Z,random__1024__2,4.553,false,1024,2
2020-12-29T05:43:37.188Z,random__1024__4,5.775,false,1024,4
2020-12-29T05:43:37.188Z,random__1024__8,8.724,false,1024,8
2020-12-29T05:43:37.188Z,random__1024__16,17.566,false,1024,16
2020-12-29T05:43:37.188Z,random__1024__32,31.477,false,1024,32
2020-12-29T05:43:37.188Z,random__1024__64,64.745,false,1024,64
2020-12-29T05:43:37.188Z,random__1024__128,124.009,false,1024,128
2020-12-29T05:43:37.188Z,random__1024__256,217.146,false,1024,256
2020-12-29T05:43:37.188Z,random__1024__512,434.692,false,1024,512
2020-12-29T05:43:37.188Z,random__1024__1024,809.267,false,1024,1024
2020-12-29T05:43:37.188Z,random__1__1-uint8,54.201,true,1,1
2020-12-29T05:43:37.188Z,random__1__2-uint8,50.85,true,1,2
2020-12-29T05:43:37.188Z,random__1__4-uint8,54.292,true,1,4
2020-12-29T05:43:37.188Z,random__1__8-uint8,55.372,true,1,8
2020-12-29T05:43:37.188Z,random__1__16-uint8,65.455,true,1,16
2020-12-29T05:43:37.188Z,random__1__32-uint8,55.347,true,1,32
2020-12-29T05:43:37.188Z,random__1__64-uint8,53.605,true,1,64
2020-12-29T05:43:37.188Z,random__1__128-uint8,75.684,true,1,128
2020-12-29T05:43:37.188Z,random__1__256-uint8,87.642,true,1,256
2020-12-29T05:43:37.188Z,random__1__512-uint8,117.852,true,1,512
2020-12-29T05:43:37.188Z,random__1__1024-uint8,149.334,true,1,1024
2020-12-29T05:43:37.188Z,random__2__1-uint8,53.399,true,2,1
2020-12-29T05:43:37.188Z,random__2__2-uint8,53.127,true,2,2
2020-12-29T05:43:37.188Z,random__2__4-uint8,55.475,true,2,4
2020-12-29T05:43:37.188Z,random__2__8-uint8,52.093,true,2,8
2020-12-29T05:43:37.188Z,random__2__16-uint8,66.109,true,2,16
2020-12-29T05:43:37.188Z,random__2__32-uint8,55.444,true,2,32
2020-12-29T05:43:37.188Z,random__2__64-uint8,58.671,true,2,64
2020-12-29T05:43:37.188Z,random__2__128-uint8,79.54,true,2,128
2020-12-29T05:43:37.188Z,random__2__256-uint8,90.769,true,2,256
2020-12-29T05:43:37.188Z,random__2__512-uint8,112.317,true,2,512
2020-12-29T05:43:37.188Z,random__2__1024-uint8,1812.803,true,2,1024
2020-12-29T05:43:37.188Z,random__4__1-uint8,53.171,true,4,1
2020-12-29T05:43:37.188Z,random__4__2-uint8,52.638,true,4,2
2020-12-29T05:43:37.188Z,random__4__4-uint8,53.085,true,4,4
2020-12-29T05:43:37.188Z,random__4__8-uint8,51.61,true,4,8
2020-12-29T05:43:37.188Z,random__4__16-uint8,51.102,true,4,16
2020-12-29T05:43:37.188Z,random__4__32-uint8,55.766,true,4,32
2020-12-29T05:43:37.188Z,random__4__64-uint8,59.734,true,4,64
2020-12-29T05:43:37.188Z,random__4__128-uint8,88.331,true,4,128
2020-12-29T05:43:37.188Z,random__4__256-uint8,109.897,true,4,256
2020-12-29T05:43:37.188Z,random__4__512-uint8,154.158,true,4,512
2020-12-29T05:43:37.188Z,random__4__1024-uint8,223.89,true,4,1024
2020-12-29T05:43:37.188Z,random__8__1-uint8,54.437,true,8,1
2020-12-29T05:43:37.188Z,random__8__2-uint8,50.259,true,8,2
2020-12-29T05:43:37.188Z,random__8__4-uint8,70.096,true,8,4
2020-12-29T05:43:37.188Z,random__8__8-uint8,52.824,true,8,8
2020-12-29T05:43:37.188Z,random__8__16-uint8,68.016,true,8,16
2020-12-29T05:43:37.188Z,random__8__32-uint8,63.944,true,8,32
2020-12-29T05:43:37.188Z,random__8__64-uint8,76.458,true,8,64
2020-12-29T05:43:37.188Z,random__8__128-uint8,108.282,true,8,128
2020-12-29T05:43:37.188Z,random__8__256-uint8,148.099,true,8,256
2020-12-29T05:43:37.188Z,random__8__512-uint8,217.303,true,8,512
2020-12-29T05:43:37.188Z,random__8__1024-uint8,352.847,true,8,1024
2020-12-29T05:43:37.188Z,random__16__1-uint8,52.771,true,16,1
2020-12-29T05:43:37.188Z,random__16__2-uint8,50.337,true,16,2
2020-12-29T05:43:37.188Z,random__16__4-uint8,54.251,true,16,4
2020-12-29T05:43:37.188Z,random__16__8-uint8,53.777,true,16,8
2020-12-29T05:43:37.188Z,random__16__16-uint8,56.516,true,16,16
2020-12-29T05:43:37.188Z,random__16__32-uint8,80.937,true,16,32
2020-12-29T05:43:37.188Z,random__16__64-uint8,99.329,true,16,64
2020-12-29T05:43:37.188Z,random__16__128-uint8,142.339,true,16,128
2020-12-29T05:43:37.188Z,random__16__256-uint8,221.388,true,16,256
2020-12-29T05:43:37.188Z,random__16__512-uint8,336.217,true,16,512
2020-12-29T05:43:37.188Z,random__16__1024-uint8,523.635,true,16,1024
2020-12-29T05:43:37.188Z,random__32__1-uint8,54.224,true,32,1
2020-12-29T05:43:37.188Z,random__32__2-uint8,54.233,true,32,2
2020-12-29T05:43:37.188Z,random__32__4-uint8,52.534,true,32,4
2020-12-29T05:43:37.188Z,random__32__8-uint8,56.755,true,32,8
2020-12-29T05:43:37.188Z,random__32__16-uint8,63.595,true,32,16
2020-12-29T05:43:37.188Z,random__32__32-uint8,88.691,true,32,32
2020-12-29T05:43:37.188Z,random__32__64-uint8,129.101,true,32,64
2020-12-29T05:43:37.188Z,random__32__128-uint8,203.327,true,32,128
2020-12-29T05:43:37.188Z,random__32__256-uint8,324.107,true,32,256
2020-12-29T05:43:37.188Z,random__32__512-uint8,510.404,true,32,512
2020-12-29T05:43:37.188Z,random__32__1024-uint8,799.628,true,32,1024
2020-12-29T05:43:37.188Z,random__64__1-uint8,37.313,true,64,1
2020-12-29T05:43:37.188Z,random__64__2-uint8,53.685,true,64,2
2020-12-29T05:43:37.188Z,random__64__4-uint8,57.072,true,64,4
2020-12-29T05:43:37.188Z,random__64__8-uint8,65.027,true,64,8
2020-12-29T05:43:37.188Z,random__64__16-uint8,91.571,true,64,16
2020-12-29T05:43:37.188Z,random__64__32-uint8,134.985,true,64,32
2020-12-29T05:43:37.188Z,random__64__64-uint8,207.794,true,64,64
2020-12-29T05:43:37.188Z,random__64__128-uint8,326.388,true,64,128
2020-12-29T05:43:37.188Z,random__64__256-uint8,520.103,true,64,256
2020-12-29T05:43:37.188Z,random__64__512-uint8,856.748,true,64,512
2020-12-29T05:43:37.188Z,random__64__1024-uint8,1425.416,true,64,1024
2020-12-29T05:43:37.188Z,random__128__1-uint8,36.484,true,128,1
2020-12-29T05:43:37.188Z,random__128__2-uint8,61.563,true,128,2
2020-12-29T05:43:37.188Z,random__128__4-uint8,75.795,true,128,4
2020-12-29T05:43:37.188Z,random__128__8-uint8,100.26,true,128,8
2020-12-29T05:43:37.188Z,random__128__16-uint8,140.576,true,128,16
2020-12-29T05:43:37.188Z,random__128__32-uint8,210.781,true,128,32
2020-12-29T05:43:37.188Z,random__128__64-uint8,337.53,true,128,64
2020-12-29T05:43:37.188Z,random__128__128-uint8,520.482,true,128,128
2020-12-29T05:43:37.188Z,random__128__256-uint8,846.102,true,128,256
2020-12-29T05:43:37.188Z,random__128__512-uint8,1525.401,true,128,512
2020-12-29T05:43:37.188Z,random__128__1024-uint8,2750.71,true,128,1024
2020-12-29T05:43:37.188Z,random__256__1-uint8,56.817,true,256,1
2020-12-29T05:43:37.188Z,random__256__2-uint8,86.062,true,256,2
2020-12-29T05:43:37.188Z,random__256__4-uint8,109.798,true,256,4
2020-12-29T05:43:37.188Z,random__256__8-uint8,154.85,true,256,8
2020-12-29T05:43:37.188Z,random__256__16-uint8,228.08,true,256,16
2020-12-29T05:43:37.188Z,random__256__32-uint8,343.772,true,256,32
2020-12-29T05:43:37.188Z,random__256__64-uint8,524.652,true,256,64
2020-12-29T05:43:37.188Z,random__256__128-uint8,851.254,true,256,128
2020-12-29T05:43:37.188Z,random__256__256-uint8,1479.206,true,256,256
2020-12-29T05:43:37.188Z,random__256__512-uint8,2784.667,true,256,512
2020-12-29T05:43:37.188Z,random__256__1024-uint8,5319.181,true,256,1024
2020-12-29T05:43:37.188Z,random__512__1-uint8,80.548,true,512,1
2020-12-29T05:43:37.188Z,random__512__2-uint8,123.541,true,512,2
2020-12-29T05:43:37.188Z,random__512__4-uint8,170.685,true,512,4
2020-12-29T05:43:37.188Z,random__512__8-uint8,241.979,true,512,8
2020-12-29T05:43:37.188Z,random__512__16-uint8,360.249,true,512,16
2020-12-29T05:43:37.188Z,random__512__32-uint8,536.065,true,512,32
2020-12-29T05:43:37.188Z,random__512__64-uint8,807.362,true,512,64
2020-12-29T05:43:37.188Z,random__512__128-uint8,1419.096,true,512,128
2020-12-29T05:43:37.188Z,random__512__256-uint8,2725.168,true,512,256
2020-12-29T05:43:37.188Z,random__512__512-uint8,5324.844,true,512,512
2020-12-29T05:43:37.188Z,random__512__1024-uint8,10548.193,true,512,1024
2020-12-29T05:43:37.188Z,random__1024__1-uint8,103.182,true,1024,1
2020-12-29T05:43:37.188Z,random__1024__2-uint8,195.013,true,1024,2
2020-12-29T05:43:37.188Z,random__1024__4-uint8,270.528,true,1024,4
2020-12-29T05:43:37.188Z,random__1024__8-uint8,386.908,true,1024,8
2020-12-29T05:43:37.188Z,random__1024__16-uint8,557.096,true,1024,16
2020-12-29T05:43:37.188Z,random__1024__32-uint8,881.698,true,1024,32
2020-12-29T05:43:37.188Z,random__1024__64-uint8,1475.296,true,1024,64
2020-12-29T05:43:37.188Z,random__1024__128-uint8,2763.408,true,1024,128
2020-12-29T05:43:37.188Z,random__1024__256-uint8,5350.187,true,1024,256
2020-12-29T05:43:37.188Z,random__1024__512-uint8,10644.416,true,1024,512
2020-12-29T05:43:37.188Z,random__1024__1024-uint8,21130.893,true,1024,1024
"2020-12-30T05:31:36.499Z","random__1__1",0,false,1,1,0
"2020-12-30T05:31:36.499Z","random__1__2",0.173,false,1,2,1
"2020-12-30T05:31:36.499Z","random__2__1",0,false,2,1,0
"2020-12-30T05:31:36.499Z","random__2__2",0.143,false,2,2,1
"2020-12-30T05:31:36.499Z","random__4__1",0,false,4,1,0
"2020-12-30T05:31:36.499Z","random__4__2",0.134,false,4,2,1
"2020-12-30T05:31:36.499Z","random__8__1",0,false,8,1,0
"2020-12-30T05:31:36.499Z","random__8__2",0.136,false,8,2,1
"2020-12-30T05:31:36.499Z","random__16__1",0,false,16,1,0
"2020-12-30T05:31:36.499Z","random__16__2",0.132,false,16,2,1
"2020-12-30T05:31:36.499Z","random__32__1",0,false,32,1,0
"2020-12-30T05:31:36.499Z","random__32__2",0.132,false,32,2,1
"2020-12-30T05:31:36.499Z","random__64__1",0,false,64,1,0
"2020-12-30T05:31:36.499Z","random__64__2",0.139,false,64,2,1
"2020-12-30T05:31:36.499Z","random__128__1",0,false,128,1,0
"2020-12-30T05:31:36.499Z","random__128__2",0.068,false,128,2,1
"2020-12-30T05:31:36.499Z","random__256__1",0,false,256,1,0
"2020-12-30T05:31:36.499Z","random__256__2",0.062,false,256,2,1
"2020-12-30T05:31:36.499Z","random__512__1",0,false,512,1,0
"2020-12-30T05:31:36.499Z","random__512__2",0.073,false,512,2,1
"2020-12-30T05:31:36.499Z","random__1024__1",0,false,1024,1,0
"2020-12-30T05:31:36.499Z","random__1024__2",0.088,false,1024,2,1
"2020-12-30T05:31:36.499Z","random__1__1-uint8",0,true,1,1,0
"2020-12-30T05:31:36.499Z","random__1__2-uint8",0.515,true,1,2,1
"2020-12-30T05:31:36.499Z","random__2__1-uint8",0,true,2,1,0
"2020-12-30T05:31:36.499Z","random__2__2-uint8",0.899,true,2,2,1
"2020-12-30T05:31:36.499Z","random__4__1-uint8",0,true,4,1,0
"2020-12-30T05:31:36.499Z","random__4__2-uint8",0.903,true,4,2,1
"2020-12-30T05:31:36.499Z","random__8__1-uint8",0,true,8,1,0
"2020-12-30T05:31:36.499Z","random__8__2-uint8",0.85,true,8,2,1
"2020-12-30T05:31:36.499Z","random__16__1-uint8",0,true,16,1,0
"2020-12-30T05:31:36.499Z","random__16__2-uint8",0.906,true,16,2,1
"2020-12-30T05:31:36.499Z","random__32__1-uint8",0,true,32,1,0
"2020-12-30T05:31:36.499Z","random__32__2-uint8",0.632,true,32,2,1
"2020-12-30T05:31:36.499Z","random__64__1-uint8",0,true,64,1,0
"2020-12-30T05:31:36.499Z","random__64__2-uint8",0.744,true,64,2,1
"2020-12-30T05:31:36.499Z","random__128__1-uint8",0,true,128,1,0
"2020-12-30T05:31:36.499Z","random__128__2-uint8",1.01,true,128,2,1
"2020-12-30T05:31:36.499Z","random__256__1-uint8",0,true,256,1,0
"2020-12-30T05:31:36.499Z","random__256__2-uint8",1.413,true,256,2,1
"2020-12-30T05:31:36.499Z","random__512__1-uint8",0,true,512,1,0
"2020-12-30T05:31:36.499Z","random__512__2-uint8",1.127,true,512,2,1
"2020-12-30T05:31:36.499Z","random__1024__1-uint8",0,true,1024,1,0
"2020-12-30T05:31:36.499Z","random__1024__2-uint8",1.52,true,1024,2,1
"2020-12-30T06:09:24.944Z","random__1__1",0,false,1,1,0
"2020-12-30T06:09:24.944Z","random__1__2",2.513,false,1,2,1
"2020-12-30T06:09:24.944Z","random__1__4",0.225,false,1,4,3
"2020-12-30T06:09:24.944Z","random__1__8",4.343,false,1,8,7
"2020-12-30T06:09:24.944Z","random__1__16",0.91,false,1,16,15
"2020-12-30T06:09:24.944Z","random__1__32",1.365,false,1,32,31
"2020-12-30T06:09:24.944Z","random__1__64",2.868,false,1,64,63
"2020-12-30T06:09:24.944Z","random__1__128",6.036,false,1,128,127
"2020-12-30T06:09:24.944Z","random__1__256",16.329,false,1,256,255
"2020-12-30T06:09:24.944Z","random__1__512",43.35,false,1,512,511
"2020-12-30T06:09:24.944Z","random__1__1024",105.36,false,1,1024,1023
"2020-12-30T06:09:24.944Z","random__2__1",0,false,2,1,0
"2020-12-30T06:09:24.944Z","random__2__2",0.133,false,2,2,1
"2020-12-30T06:09:24.944Z","random__2__4",0.427,false,2,4,3
"2020-12-30T06:09:24.944Z","random__2__8",0.382,false,2,8,7
"2020-12-30T06:09:24.944Z","random__2__16",0.805,false,2,16,15
"2020-12-30T06:09:24.944Z","random__2__32",1.548,false,2,32,31
"2020-12-30T06:09:24.944Z","random__2__64",3.058,false,2,64,63
"2020-12-30T06:09:24.944Z","random__2__128",5.848,false,2,128,127
"2020-12-30T06:09:24.944Z","random__2__256",13.639,false,2,256,255
"2020-12-30T06:09:24.944Z","random__2__512",42.005,false,2,512,511
"2020-12-30T06:09:24.944Z","random__2__1024",106.298,false,2,1024,1023
"2020-12-30T06:09:24.944Z","random__4__1",0,false,4,1,0
"2020-12-30T06:09:24.944Z","random__4__2",0.125,false,4,2,1
"2020-12-30T06:09:24.944Z","random__4__4",0.215,false,4,4,3
"2020-12-30T06:09:24.944Z","random__4__8",0.443,false,4,8,7
"2020-12-30T06:09:24.944Z","random__4__16",0.7,false,4,16,15
"2020-12-30T06:09:24.944Z","random__4__32",1.277,false,4,32,31
"2020-12-30T06:09:24.944Z","random__4__64",2.631,false,4,64,63
"2020-12-30T06:09:24.944Z","random__4__128",8.103,false,4,128,127
"2020-12-30T06:09:24.944Z","random__4__256",20.122,false,4,256,255
"2020-12-30T06:09:24.944Z","random__4__512",36.14,false,4,512,511
"2020-12-30T06:09:24.944Z","random__4__1024",92.64,false,4,1024,1023
"2020-12-30T06:09:24.944Z","random__8__1",0,false,8,1,0
"2020-12-30T06:09:24.944Z","random__8__2",0.612,false,8,2,1
"2020-12-30T06:09:24.944Z","random__8__4",0.209,false,8,4,3
"2020-12-30T06:09:24.944Z","random__8__8",3.211,false,8,8,7
"2020-12-30T06:09:24.944Z","random__8__16",0.637,false,8,16,15
"2020-12-30T06:09:24.944Z","random__8__32",1.311,false,8,32,31
"2020-12-30T06:09:24.944Z","random__8__64",2.914,false,8,64,63
"2020-12-30T06:09:24.944Z","random__8__128",7.461,false,8,128,127
"2020-12-30T06:09:24.944Z","random__8__256",21.758,false,8,256,255
"2020-12-30T06:09:24.944Z","random__8__512",47.481,false,8,512,511
"2020-12-30T06:09:24.944Z","random__8__1024",129.74,false,8,1024,1023
"2020-12-30T06:09:24.944Z","random__16__1",0,false,16,1,0
"2020-12-30T06:09:24.944Z","random__16__2",0.336,false,16,2,1
"2020-12-30T06:09:24.944Z","random__16__4",0.208,false,16,4,3
"2020-12-30T06:09:24.944Z","random__16__8",4.172,false,16,8,7
"2020-12-30T06:09:24.944Z","random__16__16",0.648,false,16,16,15
"2020-12-30T06:09:24.944Z","random__16__32",4.481,false,16,32,31
"2020-12-30T06:09:24.944Z","random__16__64",3.541,false,16,64,63
"2020-12-30T06:09:24.944Z","random__16__128",8.262,false,16,128,127
"2020-12-30T06:09:24.944Z","random__16__256",26.185,false,16,256,255
"2020-12-30T06:09:24.944Z","random__16__512",64.682,false,16,512,511
"2020-12-30T06:09:24.944Z","random__16__1024",195.558,false,16,1024,1023
"2020-12-30T06:09:24.944Z","random__32__1",0,false,32,1,0
"2020-12-30T06:09:24.944Z","random__32__2",0.128,false,32,2,1
"2020-12-30T06:09:24.944Z","random__32__4",0.138,false,32,4,3
"2020-12-30T06:09:24.944Z","random__32__8",0.334,false,32,8,7
"2020-12-30T06:09:24.944Z","random__32__16",0.711,false,32,16,15
"2020-12-30T06:09:24.944Z","random__32__32",1.635,false,32,32,31
"2020-12-30T06:09:24.944Z","random__32__64",4.908,false,32,64,63
"2020-12-30T06:09:24.944Z","random__32__128",11.105,false,32,128,127
"2020-12-30T06:09:24.944Z","random__32__256",33.561,false,32,256,255
"2020-12-30T06:09:24.944Z","random__32__512",108.191,false,32,512,511
"2020-12-30T06:09:24.944Z","random__32__1024",340.769,false,32,1024,1023
"2020-12-30T06:09:24.944Z","random__64__1",0,false,64,1,0
"2020-12-30T06:09:24.944Z","random__64__2",0.133,false,64,2,1
"2020-12-30T06:09:24.944Z","random__64__4",0.139,false,64,4,3
"2020-12-30T06:09:24.944Z","random__64__8",0.33,false,64,8,7
"2020-12-30T06:09:24.944Z","random__64__16",0.829,false,64,16,15
"2020-12-30T06:09:24.944Z","random__64__32",4.433,false,64,32,31
"2020-12-30T06:09:24.944Z","random__64__64",5.581,false,64,64,63
"2020-12-30T06:09:24.944Z","random__64__128",17.323,false,64,128,127
"2020-12-30T06:09:24.944Z","random__64__256",61.634,false,64,256,255
"2020-12-30T06:09:24.944Z","random__64__512",185.399,false,64,512,511
"2020-12-30T06:09:24.944Z","random__64__1024",816.775,false,64,1024,1023
"2020-12-30T06:09:24.944Z","random__128__1",0,false,128,1,0
"2020-12-30T06:09:24.944Z","random__128__2",0.057,false,128,2,1
"2020-12-30T06:09:24.944Z","random__128__4",0.541,false,128,4,3
"2020-12-30T06:09:24.944Z","random__128__8",0.428,false,128,8,7
"2020-12-30T06:09:24.944Z","random__128__16",1.05,false,128,16,15
"2020-12-30T06:09:24.944Z","random__128__32",5.741,false,128,32,31
"2020-12-30T06:09:24.944Z","random__128__64",8.528,false,128,64,63
"2020-12-30T06:09:24.944Z","random__128__128",29.514,false,128,128,127
"2020-12-30T06:09:24.944Z","random__128__256",99.316,false,128,256,255
"2020-12-30T06:09:24.944Z","random__128__512",458.511,false,128,512,511
"2020-12-30T06:09:24.944Z","random__128__1024",1625.643,false,128,1024,1023
"2020-12-30T06:09:24.944Z","random__256__1",0,false,256,1,0
"2020-12-30T06:09:24.944Z","random__256__2",0.071,false,256,2,1
"2020-12-30T06:09:24.944Z","random__256__4",0.176,false,256,4,3
"2020-12-30T06:09:24.944Z","random__256__8",0.477,false,256,8,7
"2020-12-30T06:09:24.944Z","random__256__16",1.41,false,256,16,15
"2020-12-30T06:09:24.944Z","random__256__32",4.259,false,256,32,31
"2020-12-30T06:09:24.944Z","random__256__64",14.575,false,256,64,63
"2020-12-30T06:09:24.944Z","random__256__128",61.597,false,256,128,127
"2020-12-30T06:09:24.944Z","random__256__256",265.33,false,256,256,255
"2020-12-30T06:09:24.944Z","random__256__512",913.047,false,256,512,511
"2020-12-30T06:09:24.944Z","random__256__1024",3211.261,false,256,1024,1023
"2020-12-30T06:09:24.944Z","random__512__1",0,false,512,1,0
"2020-12-30T06:09:24.944Z","random__512__2",0.287,false,512,2,1
"2020-12-30T06:09:24.944Z","random__512__4",0.215,false,512,4,3
"2020-12-30T06:09:24.944Z","random__512__8",3.47,false,512,8,7
"2020-12-30T06:09:24.944Z","random__512__16",2.161,false,512,16,15
"2020-12-30T06:09:24.944Z","random__512__32",7.591,false,512,32,31
"2020-12-30T06:09:24.944Z","random__512__64",28.188,false,512,64,63
"2020-12-30T06:09:24.944Z","random__512__128",124.885,false,512,128,127
"2020-12-30T06:09:24.944Z","random__512__256",430.123,false,512,256,255
"2020-12-30T06:09:24.944Z","random__512__512",1580.894,false,512,512,511
"2020-12-30T06:09:24.944Z","random__512__1024",6012.568,false,512,1024,1023
"2020-12-30T06:09:24.944Z","random__1024__1",0,false,1024,1,0
"2020-12-30T06:09:24.944Z","random__1024__2",0.102,false,1024,2,1
"2020-12-30T06:09:24.944Z","random__1024__4",0.282,false,1024,4,3
"2020-12-30T06:09:24.944Z","random__1024__8",1.115,false,1024,8,7
"2020-12-30T06:09:24.944Z","random__1024__16",3.612,false,1024,16,15
"2020-12-30T06:09:24.944Z","random__1024__32",13.892,false,1024,32,31
"2020-12-30T06:09:24.944Z","random__1024__64",59.267,false,1024,64,63
"2020-12-30T06:09:24.944Z","random__1024__128",222.578,false,1024,128,127
"2020-12-30T06:09:24.944Z","random__1024__256",790.434,false,1024,256,255
"2020-12-30T06:09:24.944Z","random__1024__512",2975.159,false,1024,512,511
"2020-12-30T06:09:24.944Z","random__1024__1024",11620.602,false,1024,1024,1023
"2020-12-30T06:09:24.944Z","random__1__1-uint8",0,true,1,1,0
"2020-12-30T06:09:24.944Z","random__1__2-uint8",1.125,true,1,2,1
"2020-12-30T06:09:24.944Z","random__1__4-uint8",2.396,true,1,4,3
"2020-12-30T06:09:24.944Z","random__1__8-uint8",7.983,true,1,8,7
"2020-12-30T06:09:24.944Z","random__1__16-uint8",12.631,true,1,16,15
"2020-12-30T06:09:24.944Z","random__1__32-uint8",26.085,true,1,32,31
"2020-12-30T06:09:24.944Z","random__1__64-uint8",56.635,true,1,64,63
"2020-12-30T06:09:24.944Z","random__1__128-uint8",140.644,true,1,128,127
"2020-12-30T06:09:24.944Z","random__1__256-uint8",263.432,true,1,256,255
"2020-12-30T06:09:24.944Z","random__1__512-uint8",519.419,true,1,512,511
"2020-12-30T06:09:24.944Z","random__1__1024-uint8",1272.776,true,1,1024,1023
"2020-12-30T06:09:24.944Z","random__2__1-uint8",0,true,2,1,0
"2020-12-30T06:09:24.944Z","random__2__2-uint8",1.083,true,2,2,1
"2020-12-30T06:09:24.944Z","random__2__4-uint8",2.688,true,2,4,3
"2020-12-30T06:09:24.944Z","random__2__8-uint8",8.204,true,2,8,7
"2020-12-30T06:09:24.944Z","random__2__16-uint8",12.336,true,2,16,15
"2020-12-30T06:09:24.944Z","random__2__32-uint8",25.332,true,2,32,31
"2020-12-30T06:09:24.944Z","random__2__64-uint8",1594.968,true,2,64,63
"2020-12-30T06:09:24.944Z","random__2__128-uint8",137.244,true,2,128,127
"2020-12-30T06:09:24.944Z","random__2__256-uint8",1869.933,true,2,256,255
"2020-12-30T06:09:24.944Z","random__2__512-uint8",537.71,true,2,512,511
"2020-12-30T06:09:24.944Z","random__2__1024-uint8",1274.251,true,2,1024,1023
"2020-12-30T06:09:24.944Z","random__4__1-uint8",0,true,4,1,0
"2020-12-30T06:09:24.944Z","random__4__2-uint8",0.844,true,4,2,1
"2020-12-30T06:09:24.944Z","random__4__4-uint8",2.647,true,4,4,3
"2020-12-30T06:09:24.944Z","random__4__8-uint8",8.397,true,4,8,7
"2020-12-30T06:09:24.944Z","random__4__16-uint8",12.667,true,4,16,15
"2020-12-30T06:09:24.944Z","random__4__32-uint8",27.522,true,4,32,31
"2020-12-30T06:09:24.944Z","random__4__64-uint8",57.639,true,4,64,63
"2020-12-30T06:09:24.944Z","random__4__128-uint8",156.218,true,4,128,127
"2020-12-30T06:09:24.944Z","random__4__256-uint8",335.021,true,4,256,255
"2020-12-30T06:09:24.944Z","random__4__512-uint8",708.839,true,4,512,511
"2020-12-30T06:09:24.944Z","random__4__1024-uint8",1890.7,true,4,1024,1023
"2020-12-30T06:09:24.944Z","random__8__1-uint8",0,true,8,1,0
"2020-12-30T06:09:24.944Z","random__8__2-uint8",0.837,true,8,2,1
"2020-12-30T06:09:24.944Z","random__8__4-uint8",2.79,true,8,4,3
"2020-12-30T06:09:24.944Z","random__8__8-uint8",8.284,true,8,8,7
"2020-12-30T06:09:24.944Z","random__8__16-uint8",1612.366,true,8,16,15
"2020-12-30T06:09:24.944Z","random__8__32-uint8",31.041,true,8,32,31
"2020-12-30T06:09:24.944Z","random__8__64-uint8",87.536,true,8,64,63
"2020-12-30T06:09:24.944Z","random__8__128-uint8",193.299,true,8,128,127
"2020-12-30T06:09:24.944Z","random__8__256-uint8",433.653,true,8,256,255
"2020-12-30T06:09:24.944Z","random__8__512-uint8",1034.795,true,8,512,511
"2020-12-30T06:09:24.944Z","random__8__1024-uint8",3246.224,true,8,1024,1023
"2020-12-30T06:09:24.944Z","random__16__1-uint8",0,true,16,1,0
"2020-12-30T06:09:24.944Z","random__16__2-uint8",0.888,true,16,2,1
"2020-12-30T06:09:24.944Z","random__16__4-uint8",2.398,true,16,4,3
"2020-12-30T06:09:24.944Z","random__16__8-uint8",5.685,true,16,8,7
"2020-12-30T06:09:24.944Z","random__16__16-uint8",15.916,true,16,16,15
"2020-12-30T06:09:24.944Z","random__16__32-uint8",38.64,true,16,32,31
"2020-12-30T06:09:24.944Z","random__16__64-uint8",101.77,true,16,64,63
"2020-12-30T06:09:24.944Z","random__16__128-uint8",249.106,true,16,128,127
"2020-12-30T06:09:24.944Z","random__16__256-uint8",592.712,true,16,256,255
"2020-12-30T06:09:24.944Z","random__16__512-uint8",1619.954,true,16,512,511
"2020-12-30T06:09:24.944Z","random__16__1024-uint8",5681.076,true,16,1024,1023
"2020-12-30T06:09:24.944Z","random__32__1-uint8",0,true,32,1,0
"2020-12-30T06:09:24.944Z","random__32__2-uint8",1.053,true,32,2,1
"2020-12-30T06:09:24.944Z","random__32__4-uint8",5.297,true,32,4,3
"2020-12-30T06:09:24.944Z","random__32__8-uint8",5.853,true,32,8,7
"2020-12-30T06:09:24.944Z","random__32__16-uint8",14.61,true,32,16,15
"2020-12-30T06:09:24.944Z","random__32__32-uint8",43.155,true,32,32,31
"2020-12-30T06:09:24.944Z","random__32__64-uint8",124.832,true,32,64,63
"2020-12-30T06:09:24.944Z","random__32__128-uint8",341.325,true,32,128,127
"2020-12-30T06:09:24.944Z","random__32__256-uint8",878.266,true,32,256,255
"2020-12-30T06:09:24.944Z","random__32__512-uint8",2829.27,true,32,512,511
"2020-12-30T06:09:24.944Z","random__32__1024-uint8",10740.571,true,32,1024,1023
"2020-12-30T06:09:24.944Z","random__64__1-uint8",0,true,64,1,0
"2020-12-30T06:09:24.944Z","random__64__2-uint8",1.073,true,64,2,1
"2020-12-30T06:09:24.944Z","random__64__4-uint8",2.499,true,64,4,3
"2020-12-30T06:09:24.944Z","random__64__8-uint8",6.945,true,64,8,7
"2020-12-30T06:09:24.944Z","random__64__16-uint8",23.319,true,64,16,15
"2020-12-30T06:09:24.944Z","random__64__32-uint8",71.369,true,64,32,31
"2020-12-30T06:09:24.944Z","random__64__64-uint8",206.199,true,64,64,63
"2020-12-30T06:09:24.944Z","random__64__128-uint8",527.091,true,64,128,127
"2020-12-30T06:09:24.944Z","random__64__256-uint8",1525.749,true,64,256,255
"2020-12-30T06:09:24.944Z","random__64__512-uint8",5478.732,true,64,512,511
"2020-12-30T06:09:24.944Z","random__64__1024-uint8",21229.82,true,64,1024,1023
"2020-12-30T06:09:24.944Z","random__128__1-uint8",0,true,128,1,0
"2020-12-30T06:09:24.944Z","random__128__2-uint8",1.267,true,128,2,1
"2020-12-30T06:09:24.944Z","random__128__4-uint8",6.316,true,128,4,3
"2020-12-30T06:09:24.944Z","random__128__8-uint8",12,true,128,8,7
"2020-12-30T06:09:24.944Z","random__128__16-uint8",38.824,true,128,16,15
"2020-12-30T06:09:24.944Z","random__128__32-uint8",118.345,true,128,32,31
"2020-12-30T06:09:24.944Z","random__128__64-uint8",333.759,true,128,64,63
"2020-12-30T06:09:24.944Z","random__128__128-uint8",854.248,true,128,128,127
"2020-12-30T06:09:24.944Z","random__128__256-uint8",2834.76,true,128,256,255
"2020-12-30T06:09:24.944Z","random__128__512-uint8",10687.391,true,128,512,511
"2020-12-30T06:09:24.944Z","random__128__1024-uint8",42275.296,true,128,1024,1023
"2020-12-30T06:09:24.944Z","random__256__1-uint8",0,true,256,1,0
"2020-12-30T06:09:24.944Z","random__256__2-uint8",1.421,true,256,2,1
"2020-12-30T06:09:24.944Z","random__256__4-uint8",5.561,true,256,4,3
"2020-12-30T06:09:24.944Z","random__256__8-uint8",22.32,true,256,8,7
"2020-12-30T06:09:24.944Z","random__256__16-uint8",66.855,true,256,16,15
"2020-12-30T06:09:24.944Z","random__256__32-uint8",200.344,true,256,32,31
"2020-12-30T06:09:24.944Z","random__256__64-uint8",519.836,true,256,64,63
"2020-12-30T06:09:24.944Z","random__256__128-uint8",1519.334,true,256,128,127
"2020-12-30T06:09:24.944Z","random__256__256-uint8",5474.582,true,256,256,255
"2020-12-30T06:09:24.944Z","random__256__512-uint8",21235.229,true,256,512,511
"2020-12-30T06:09:24.944Z","random__256__1024-uint8",84203.547,true,256,1024,1023
"2020-12-30T06:09:24.944Z","random__512__1-uint8",0,true,512,1,0
"2020-12-30T06:09:24.944Z","random__512__2-uint8",5.203,true,512,2,1
"2020-12-30T06:09:24.944Z","random__512__4-uint8",12.768,true,512,4,3
"2020-12-30T06:09:24.944Z","random__512__8-uint8",52.009,true,512,8,7
"2020-12-30T06:09:24.944Z","random__512__16-uint8",115.964,true,512,16,15
"2020-12-30T06:09:24.944Z","random__512__32-uint8",328.483,true,512,32,31
"2020-12-30T06:09:24.944Z","random__512__64-uint8",856.967,true,512,64,63
"2020-12-30T06:09:24.944Z","random__512__128-uint8",2837.925,true,512,128,127
"2020-12-30T06:09:24.944Z","random__512__256-uint8",10731.081,true,512,256,255
"2020-12-30T06:09:24.944Z","random__512__512-uint8",42237.078,true,512,512,511
"2020-12-30T06:09:24.944Z","random__512__1024-uint8",168191.561,true,512,1024,1023
"2020-12-30T06:09:24.944Z","random__1024__1-uint8",0,true,1024,1,0
"2020-12-30T06:09:24.944Z","random__1024__2-uint8",3.762,true,1024,2,1
"2020-12-30T06:09:24.944Z","random__1024__4-uint8",20.973,true,1024,4,3
"2020-12-30T06:09:24.944Z","random__1024__8-uint8",64.929,true,1024,8,7
"2020-12-30T06:09:24.944Z","random__1024__16-uint8",197.808,true,1024,16,15
"2020-12-30T06:09:24.944Z","random__1024__32-uint8",521.998,true,1024,32,31
"2020-12-30T06:09:24.944Z","random__1024__64-uint8",1483.424,true,1024,64,63
"2020-12-30T06:09:24.944Z","random__1024__128-uint8",5404.671,true,1024,128,127
"2020-12-30T06:09:24.944Z","random__1024__256-uint8",21120.053,true,1024,256,255
"2020-12-30T06:09:24.944Z","random__1024__512-uint8",84124.517,true,1024,512,511
"2020-12-30T06:09:24.944Z","random__1024__1024-uint8",336143.613,true,1024,1024,1023
